Tipo:,Residenciales,Estilo:,Futurista
Tipo:,Comerciales,Estilo:,Futurista
elemento1,elemento2,elemento3,elemento4
elemento1,elemento2,elemento3,elemento4
elemento1,elemento2,elemento3,elemento4
elemento1,elemento2,elemento3,elemento4
elemento1,elemento2,elemento3,elemento4
elemento1,elemento2,elemento3,elemento4
elemento1,elemento2,elemento3,elemento4
elemento1,elemento2,elemento3,elemento4
elemento1,elemento2,elemento3,elemento4
elemento1,elemento2,elemento3,elemento4
elemento1,elemento2,elemento3,elemento4
